Ratings,Reviews
3.9 out of 5,Good Product... Though Software Improvements are required
3.9 out of 5,Don't buy waste of money
4.1 out of 5,"4.5 ⭐Awesome design, good specs and features. MiBand crusher."
4.1 out of 5,Best features and looks in the business
4.2 out of 5,Poor Wrist Sense ..
4.2 out of 5,Poor Wrist Sense ..
4.7 out of 5,It is the best smartwatch iPhone users can get!
4.4 out of 5,Fitbit to Samsung Journey. THIS IS AMAZING FOLKS!!!
4.4 out of 5,DETAILED Review after 1 Month of Use + Battery Performance Stats + Comparison with Apple watch 4 !!!
3.7 out of 5,"Awesome, affordable Garmin"
4.1 out of 5,"4.5 ⭐Awesome design, good specs and features. MiBand crusher."
4.3 out of 5,"An amazingly feature packed gadget, value for money"
4 out of 5,NO rating
NO rating,Worst product and Amazon replacement is not working.
3.9 out of 5,NO rating
NO rating,Not at all satisfied!!!! Be careful
4.2 out of 5,Completely unsatisfied
4 out of 5,Complete detailed review and comparison with Mi Band 4
4.4 out of 5,Best features and looks in the business
4.1 out of 5,Spo2 and heartbeat gives non.living things also..be care ful...
3.9 out of 5,Bussniss
3 out of 5,What are you waiting for .. just buy it!!
4.1 out of 5,Waste of money
3.2 out of 5,"Not Happ with product, other brand products is better at same price range."
3.8 out of 5,NO rating
4 out of 5,Poor Wrist Sense ..
NO rating,"4.5 ⭐Awesome design, good specs and features. MiBand crusher."
